<?xml version="1.0" encoding="UTF-8"?>
<!DOCTYPE mapper PUBLIC "-//mybatis.org//DTD Mapper 3.0//EN" "http://mybatis.org/dtd/mybatis-3-mapper.dtd" >

<mapper namespace="com.znbl.commom.mapper.AudPlayerMapper">
    <resultMap id="AudPlayerMapper" type="com.znbl.common.entity.AudPlayer">
        <id column="id" property="id" jdbcType="INTEGER"/>
        <result column="u_id" property="u_id" jdbcType="INTEGER" />
    </resultMap>

    <!-- 增加观众 -->
    <insert id="addAudPlayer" useGeneratedKeys="true" keyProperty="id" >
        insert into
        tb_audplayer (u_id)
        values
        (#{u_id,jdbcType=INTEGER})
    </insert>

    <!-- 得到观众的集合 -->
    <select id="listOfAudPlayer" resultType="com.znbl.common.entity.AudPlayer">
        select
        *
        from
        tb_audplayer
    </select>
</mapper>