<?xml version="1.0" encoding="UTF-8"?>
<!DOCTYPE mapper PUBLIC "-//mybatis.org//DTD Mapper 3.0//EN" "http://mybatis.org/dtd/mybatis-3-mapper.dtd" >

<mapper namespace="com.znbl.commom.mapper.CategoryMapper">
    <resultMap id="CategoryMap" type="com.znbl.common.entity.Category">
        <id column="id" property="id" jdbcType="INTEGER"/>
        <result column="category_name" property="category_name" jdbcType="VARCHAR" />
    </resultMap>

    <select id="getAllCategories" resultMap="CategoryMap">
        select * from tb_category
    </select>

    <select id="getCategoryById" resultMap="CategoryMap">
        select * from tb_category
        where id =#{id}
    </select>
</mapper>