<?xml version="1.0" encoding="UTF-8"?>
<!DOCTYPE mapper PUBLIC "-//mybatis.org//DTD Mapper 3.0//EN" "http://mybatis.org/dtd/mybatis-3-mapper.dtd" >

<mapper namespace="com.znbl.commom.mapper.UserMapper">
    <resultMap id="UserMap" type="com.znbl.common.entity.User">
        <id column="id" property="id" jdbcType="INTEGER"/>
        <result column="r_id" property="r_id" jdbcType="INTEGER" />
        <result column="userName" property="userName" jdbcType="VARCHAR" />
    </resultMap>

    <!-- 注册:addRole -->
    <insert id="addUser" useGeneratedKeys="true" keyProperty="id" >
        insert into tb_user (userName)
        values
        (#{userName,jdbcType=VARCHAR})
    </insert>

    <!-- 登录：getUserById -->
    <select id="getUserById" resultType="com.znbl.common.entity.User">
        select
       *
        from
        tb_user
        WHERE
        id=#{id,jdbcType=INTEGER}
    </select>
</mapper>